cell_line,MRCNN-0.7,MRCNN-0.9,FPN2-WS-0.7,FPN2-WS-0.9
MCF10A,0.8183826778612462,0.7485638532920902,0.9733096085409253,0.9715302491103203
HCT116,0.6331039478449837,0.0746106483158276,0.8371757925072046,0.19812680115273776
U2OS,0.844758064516129,0.6532258064516129,0.9431230610134437,0.9203722854188211
Eosinophils,0.7175572519083969,0.05725190839694656,0.4798464491362764,0.21497120921305182
