cell_line,MRCNN-Pre-initialized,MRCNN-Random,FPN2-WS-Random,FPN2-WS-Pre-initialized
MCF10A,0.9715286903197548,0.8183826778612462,0.9733096085409253,0.9819462791721708
HCT116,0.8771306818181818,0.6331039478449837,0.8371757925072046,0.851346624693949
U2OS,0.9708542713567839,0.844758064516129,0.9431230610134437,0.9655870445344129
Eosinophils,0.6267605633802817,0.7175572519083969,0.4798464491362764,0.5833333333333334
